time,open,high,low,close,volume
2026-05-01 00:00:00+00:00,4626.435,4626.845,4625.795,4625.905,0
2026-05-01 00:01:00+00:00,4626.038,4628.085,4626.038,4627.545,0
2026-05-01 00:02:00+00:00,4627.505,4628.438,4627.425,4627.675,0
2026-05-01 00:03:00+00:00,4627.635,4627.635,4623.865,4624.475,0
2026-05-01 00:04:00+00:00,4624.525,4625.775,4624.185,4624.455,0
2026-05-01 00:05:00+00:00,4624.555,4625.825,4624.175,4625.655,0
2026-05-01 00:06:00+00:00,4625.685,4626.265,4624.985,4625.445,0
2026-05-01 00:07:00+00:00,4625.425,4625.445,4621.885,4622.365,0
2026-05-01 00:08:00+00:00,4622.325,4622.345,4619.615,4619.785,0
2026-05-01 00:09:00+00:00,4619.765,4621.495,4619.765,4620.715,0
2026-05-01 00:10:00+00:00,4620.665,4621.335,4619.895,4620.875,0
2026-05-01 00:11:00+00:00,4620.905,4621.605,4620.655,4621.535,0
2026-05-01 00:12:00+00:00,4621.505,4622.085,4621.485,4621.985,0
2026-05-01 00:13:00+00:00,4621.955,4622.845,4621.955,4622.575,0
2026-05-01 00:14:00+00:00,4622.595,4623.105,4621.325,4621.485,0
2026-05-01 00:15:00+00:00,4621.455,4622.055,4620.925,4621.925,0
2026-05-01 00:16:00+00:00,4621.965,4622.025,4621.215,4621.735,0
2026-05-01 00:17:00+00:00,4621.705,4622.035,4621.275,4621.465,0
2026-05-01 00:18:00+00:00,4621.445,4622.685,4621.285,4622.505,0
2026-05-01 00:19:00+00:00,4622.475,4623.005,4622.465,4622.895,0
2026-05-01 00:20:00+00:00,4622.775,4622.775,4622.075,4622.075,0
2026-05-01 00:21:00+00:00,4622.105,4623.195,4620.915,4621.045,0
2026-05-01 00:22:00+00:00,4620.955,4621.435,4620.645,4621.045,0
2026-05-01 00:23:00+00:00,4621.075,4621.555,4620.905,4621.385,0
2026-05-01 00:24:00+00:00,4621.365,4621.455,4620.855,4621.245,0
2026-05-01 00:25:00+00:00,4621.335,4621.485,4620.735,4621.205,0
2026-05-01 00:26:00+00:00,4621.225,4621.775,4619.025,4619.135,0
2026-05-01 00:27:00+00:00,4619.165,4619.578,4617.995,4618.285,0
2026-05-01 00:28:00+00:00,4618.255,4619.465,4617.935,4619.025,0
2026-05-01 00:29:00+00:00,4618.905,4619.475,4616.865,4617.235,0
2026-05-01 00:30:00+00:00,4617.215,4617.775,4614.448,4615.845,0
2026-05-01 00:31:00+00:00,4615.805,4615.905,4614.425,4615.905,0
2026-05-01 00:32:00+00:00,4615.855,4616.635,4612.575,4612.935,0
2026-05-01 00:33:00+00:00,4612.835,4614.045,4612.005,4613.555,0
2026-05-01 00:34:00+00:00,4613.445,4614.605,4612.935,4613.905,0
2026-05-01 00:35:00+00:00,4613.875,4616.435,4613.535,4616.245,0
2026-05-01 00:36:00+00:00,4616.265,4617.145,4615.335,4615.675,0
2026-05-01 00:37:00+00:00,4615.605,4615.905,4614.365,4614.415,0
2026-05-01 00:38:00+00:00,4614.418,4615.555,4613.775,4614.945,0
2026-05-01 00:39:00+00:00,4615.045,4615.935,4614.755,4615.645,0
2026-05-01 00:40:00+00:00,4615.685,4615.815,4613.578,4613.835,0
2026-05-01 00:41:00+00:00,4613.765,4614.155,4611.905,4612.365,0
2026-05-01 00:42:00+00:00,4612.515,4613.745,4611.925,4613.525,0
2026-05-01 00:43:00+00:00,4613.335,4613.485,4612.665,4613.185,0
2026-05-01 00:44:00+00:00,4613.135,4613.595,4613.085,4613.245,0
2026-05-01 00:45:00+00:00,4613.185,4614.285,4613.185,4613.855,0
2026-05-01 00:46:00+00:00,4613.905,4614.275,4611.458,4611.645,0
2026-05-01 00:47:00+00:00,4611.718,4612.095,4610.965,4611.105,0
2026-05-01 00:48:00+00:00,4611.015,4611.705,4610.665,4611.665,0
2026-05-01 00:49:00+00:00,4611.615,4611.735,4610.295,4610.555,0
2026-05-01 00:50:00+00:00,4610.585,4610.635,4609.325,4609.975,0
2026-05-01 00:51:00+00:00,4610.065,4610.375,4609.775,4610.265,0
2026-05-01 00:52:00+00:00,4610.245,4610.575,4609.345,4609.845,0
2026-05-01 00:53:00+00:00,4609.915,4610.315,4609.915,4610.185,0
2026-05-01 00:54:00+00:00,4610.105,4610.105,4609.065,4609.965,0
2026-05-01 00:55:00+00:00,4610.035,4611.225,4610.035,4611.225,0
2026-05-01 00:56:00+00:00,4611.255,4611.255,4609.725,4609.745,0
2026-05-01 00:57:00+00:00,4609.785,4611.275,4609.235,4611.105,0
2026-05-01 00:58:00+00:00,4611.335,4611.335,4610.415,4610.435,0
2026-05-01 00:59:00+00:00,4610.405,4610.435,4608.865,4608.865,0
2026-05-01 01:00:00+00:00,4608.885,4609.205,4608.005,4608.565,0
2026-05-01 01:01:00+00:00,4608.485,4608.925,4607.755,4608.445,0
2026-05-01 01:02:00+00:00,4608.415,4608.835,4607.705,4608.355,0
2026-05-01 01:03:00+00:00,4608.385,4609.035,4608.255,4608.725,0
2026-05-01 01:04:00+00:00,4608.738,4609.395,4607.235,4608.775,0
2026-05-01 01:05:00+00:00,4608.795,4610.705,4608.685,4610.615,0
2026-05-01 01:06:00+00:00,4610.525,4612.035,4610.505,4611.675,0
2026-05-01 01:07:00+00:00,4611.885,4612.525,4611.665,4612.095,0
2026-05-01 01:08:00+00:00,4612.125,4613.315,4612.055,4612.895,0
2026-05-01 01:09:00+00:00,4612.855,4613.845,4611.485,4612.415,0
2026-05-01 01:10:00+00:00,4612.485,4613.925,4612.485,4613.895,0
2026-05-01 01:11:00+00:00,4613.875,4614.115,4613.145,4613.625,0
2026-05-01 01:12:00+00:00,4613.575,4614.525,4613.545,4613.925,0
2026-05-01 01:13:00+00:00,4613.885,4614.395,4613.675,4613.725,0
2026-05-01 01:14:00+00:00,4613.585,4614.085,4613.275,4614.025,0
2026-05-01 01:15:00+00:00,4614.045,4614.415,4613.655,4614.115,0
2026-05-01 01:16:00+00:00,4614.085,4614.215,4613.795,4613.855,0
2026-05-01 01:17:00+00:00,4613.815,4613.815,4611.955,4612.275,0
2026-05-01 01:18:00+00:00,4612.245,4612.605,4611.535,4612.095,0
2026-05-01 01:19:00+00:00,4612.125,4613.795,4611.405,4613.695,0
2026-05-01 01:20:00+00:00,4613.725,4614.325,4613.725,4614.075,0
2026-05-01 01:21:00+00:00,4614.015,4614.765,4613.595,4614.715,0
2026-05-01 01:22:00+00:00,4614.745,4615.035,4614.335,4614.465,0
2026-05-01 01:23:00+00:00,4614.505,4614.675,4614.225,4614.325,0
2026-05-01 01:24:00+00:00,4614.365,4614.775,4614.145,4614.295,0
2026-05-01 01:25:00+00:00,4614.315,4614.595,4613.295,4613.425,0
2026-05-01 01:26:00+00:00,4613.435,4613.455,4612.535,4612.625,0
2026-05-01 01:27:00+00:00,4612.645,4615.235,4612.235,4615.175,0
2026-05-01 01:28:00+00:00,4615.185,4615.875,4614.765,4614.865,0
2026-05-01 01:29:00+00:00,4614.905,4614.915,4614.355,4614.355,0
2026-05-01 01:30:00+00:00,4614.375,4614.795,4614.145,4614.405,0
2026-05-01 01:31:00+00:00,4614.435,4615.055,4614.405,4614.935,0
2026-05-01 01:32:00+00:00,4614.885,4614.885,4612.485,4612.585,0
2026-05-01 01:33:00+00:00,4612.545,4614.635,4612.405,4613.975,0
2026-05-01 01:34:00+00:00,4613.845,4614.935,4613.705,4614.585,0
2026-05-01 01:35:00+00:00,4614.535,4614.605,4613.445,4613.585,0
2026-05-01 01:36:00+00:00,4613.805,4614.075,4611.545,4611.825,0
2026-05-01 01:37:00+00:00,4611.805,4612.145,4611.438,4611.545,0
2026-05-01 01:38:00+00:00,4611.525,4611.715,4609.295,4609.295,0
2026-05-01 01:39:00+00:00,4609.465,4610.525,4609.105,4610.525,0
2026-05-01 01:40:00+00:00,4610.565,4610.885,4609.285,4610.705,0
2026-05-01 01:41:00+00:00,4610.655,4611.435,4609.775,4610.765,0
2026-05-01 01:42:00+00:00,4610.845,4611.405,4610.235,4611.115,0
2026-05-01 01:43:00+00:00,4611.055,4611.575,4609.418,4610.195,0
2026-05-01 01:44:00+00:00,4610.225,4610.725,4609.445,4609.635,0
2026-05-01 01:45:00+00:00,4609.615,4609.615,4607.025,4607.735,0
2026-05-01 01:46:00+00:00,4607.675,4610.455,4607.615,4610.045,0
2026-05-01 01:47:00+00:00,4610.095,4612.145,4610.095,4611.635,0
2026-05-01 01:48:00+00:00,4611.655,4612.695,4611.625,4612.405,0
2026-05-01 01:49:00+00:00,4612.665,4613.285,4611.695,4611.695,0
2026-05-01 01:50:00+00:00,4611.665,4611.725,4610.775,4611.695,0
2026-05-01 01:51:00+00:00,4611.755,4611.848,4610.205,4610.675,0
2026-05-01 01:52:00+00:00,4610.655,4610.765,4610.325,4610.765,0
2026-05-01 01:53:00+00:00,4610.785,4610.865,4609.825,4609.855,0
2026-05-01 01:54:00+00:00,4609.815,4609.915,4608.085,4608.185,0
2026-05-01 01:55:00+00:00,4607.975,4607.995,4605.235,4605.675,0
2026-05-01 01:56:00+00:00,4605.735,4605.945,4602.675,4602.675,0
2026-05-01 01:57:00+00:00,4602.705,4605.005,4602.705,4603.925,0
2026-05-01 01:58:00+00:00,4603.965,4605.295,4603.485,4604.285,0
2026-05-01 01:59:00+00:00,4604.315,4604.695,4603.345,4604.635,0
2026-05-01 02:00:00+00:00,4604.655,4606.655,4603.655,4606.545,0
2026-05-01 02:01:00+00:00,4606.495,4607.615,4605.635,4605.955,0
2026-05-01 02:02:00+00:00,4605.745,4607.225,4605.405,4606.495,0
2026-05-01 02:03:00+00:00,4606.525,4606.735,4604.625,4605.405,0
2026-05-01 02:04:00+00:00,4605.455,4605.955,4603.875,4604.985,0
2026-05-01 02:05:00+00:00,4605.025,4606.965,4604.605,4605.465,0
2026-05-01 02:06:00+00:00,4605.435,4605.435,4601.545,4602.495,0
2026-05-01 02:07:00+00:00,4602.745,4603.485,4601.585,4602.405,0
2026-05-01 02:08:00+00:00,4602.215,4602.275,4601.335,4601.925,0
2026-05-01 02:09:00+00:00,4601.885,4602.995,4601.745,4602.815,0
2026-05-01 02:10:00+00:00,4602.835,4603.365,4602.035,4602.405,0
2026-05-01 02:11:00+00:00,4602.375,4602.455,4601.225,4601.565,0
2026-05-01 02:12:00+00:00,4601.605,4602.815,4601.605,4602.025,0
2026-05-01 02:13:00+00:00,4602.055,4602.285,4601.255,4601.865,0
2026-05-01 02:14:00+00:00,4602.265,4602.345,4600.835,4601.275,0
2026-05-01 02:15:00+00:00,4601.295,4601.605,4600.285,4600.545,0
2026-05-01 02:16:00+00:00,4600.655,4601.835,4600.305,4600.585,0
2026-05-01 02:17:00+00:00,4600.785,4601.005,4599.728,4599.905,0
2026-05-01 02:18:00+00:00,4599.875,4600.365,4599.675,4599.945,0
2026-05-01 02:19:00+00:00,4599.915,4599.925,4595.755,4596.575,0
2026-05-01 02:20:00+00:00,4596.625,4598.955,4596.625,4598.955,0
2026-05-01 02:21:00+00:00,4598.915,4599.165,4596.525,4596.525,0
2026-05-01 02:22:00+00:00,4596.255,4596.725,4595.248,4596.315,0
2026-05-01 02:23:00+00:00,4596.375,4598.715,4596.375,4597.985,0
2026-05-01 02:24:00+00:00,4597.945,4599.035,4597.385,4598.418,0
2026-05-01 02:25:00+00:00,4598.378,4598.645,4597.005,4597.435,0
2026-05-01 02:26:00+00:00,4597.415,4597.695,4596.438,4596.718,0
2026-05-01 02:27:00+00:00,4596.735,4596.895,4593.425,4594.295,0
2026-05-01 02:28:00+00:00,4594.255,4595.765,4594.185,4595.005,0
2026-05-01 02:29:00+00:00,4595.025,4595.175,4592.848,4593.245,0
2026-05-01 02:30:00+00:00,4593.505,4593.615,4592.015,4592.035,0
2026-05-01 02:31:00+00:00,4592.055,4593.425,4591.845,4592.405,0
2026-05-01 02:32:00+00:00,4592.435,4592.995,4592.245,4592.915,0
2026-05-01 02:33:00+00:00,4592.835,4593.955,4592.055,4593.955,0
2026-05-01 02:34:00+00:00,4593.925,4595.395,4593.925,4594.755,0
2026-05-01 02:35:00+00:00,4594.805,4596.495,4594.595,4596.495,0
2026-05-01 02:36:00+00:00,4596.515,4597.445,4595.965,4596.965,0
2026-05-01 02:37:00+00:00,4596.915,4596.955,4594.335,4594.795,0
2026-05-01 02:38:00+00:00,4594.765,4594.795,4591.655,4592.235,0
2026-05-01 02:39:00+00:00,4592.265,4592.285,4590.965,4592.205,0
2026-05-01 02:40:00+00:00,4592.235,4592.495,4590.755,4591.895,0
2026-05-01 02:41:00+00:00,4591.915,4592.098,4590.518,4591.755,0
2026-05-01 02:42:00+00:00,4591.815,4593.465,4591.105,4592.935,0
2026-05-01 02:43:00+00:00,4592.965,4593.265,4591.765,4592.095,0
2026-05-01 02:44:00+00:00,4592.165,4593.535,4591.895,4593.158,0
2026-05-01 02:45:00+00:00,4593.158,4595.585,4591.758,4595.485,0
2026-05-01 02:46:00+00:00,4595.305,4595.498,4592.658,4592.998,0
2026-05-01 02:47:00+00:00,4592.978,4594.418,4592.755,4593.658,0
2026-05-01 02:48:00+00:00,4593.638,4595.735,4593.518,4595.485,0
2026-05-01 02:49:00+00:00,4595.445,4595.745,4591.775,4592.005,0
2026-05-01 02:50:00+00:00,4592.025,4593.955,4590.898,4591.265,0
2026-05-01 02:51:00+00:00,4591.235,4593.495,4590.985,4593.135,0
2026-05-01 02:52:00+00:00,4593.155,4593.545,4592.278,4593.045,0
2026-05-01 02:53:00+00:00,4593.058,4594.158,4591.998,4593.118,0
2026-05-01 02:54:00+00:00,4592.885,4593.418,4591.905,4592.045,0
2026-05-01 02:55:00+00:00,4592.295,4594.965,4591.645,4594.695,0
2026-05-01 02:56:00+00:00,4594.655,4594.655,4593.225,4593.405,0
2026-05-01 02:57:00+00:00,4593.608,4593.925,4592.165,4593.405,0
2026-05-01 02:58:00+00:00,4593.385,4593.855,4592.925,4593.585,0
2026-05-01 02:59:00+00:00,4593.605,4594.798,4593.145,4594.555,0
2026-05-01 03:00:00+00:00,4594.455,4596.085,4593.778,4595.115,0
2026-05-01 03:01:00+00:00,4595.115,4595.315,4592.605,4592.865,0
2026-05-01 03:02:00+00:00,4592.945,4594.978,4592.705,4594.785,0
2026-05-01 03:03:00+00:00,4594.765,4595.215,4594.305,4594.925,0
2026-05-01 03:04:00+00:00,4594.915,4594.915,4592.375,4592.505,0
2026-05-01 03:05:00+00:00,4592.525,4593.525,4591.805,4592.335,0
2026-05-01 03:06:00+00:00,4592.305,4592.535,4589.755,4592.305,0
2026-05-01 03:07:00+00:00,4592.305,4596.085,4591.925,4595.658,0
2026-05-01 03:08:00+00:00,4595.785,4595.845,4591.225,4592.605,0
2026-05-01 03:09:00+00:00,4592.545,4593.785,4591.955,4592.875,0
2026-05-01 03:10:00+00:00,4592.905,4593.635,4592.395,4593.365,0
2026-05-01 03:11:00+00:00,4593.335,4595.405,4593.205,4595.225,0
2026-05-01 03:12:00+00:00,4595.205,4595.415,4594.095,4595.415,0
2026-05-01 03:13:00+00:00,4595.365,4595.505,4594.305,4594.785,0
2026-05-01 03:14:00+00:00,4594.795,4596.185,4593.995,4595.655,0
2026-05-01 03:15:00+00:00,4595.665,4595.765,4594.335,4594.665,0
2026-05-01 03:16:00+00:00,4594.625,4596.095,4594.435,4595.405,0
2026-05-01 03:17:00+00:00,4595.365,4597.805,4595.235,4597.465,0
2026-05-01 03:18:00+00:00,4597.435,4597.535,4595.615,4596.255,0
2026-05-01 03:19:00+00:00,4596.285,4596.285,4595.495,4595.645,0
2026-05-01 03:20:00+00:00,4595.725,4596.355,4595.155,4595.335,0
2026-05-01 03:21:00+00:00,4595.165,4595.775,4590.025,4590.055,0
2026-05-01 03:22:00+00:00,4590.025,4590.265,4585.615,4585.825,0
2026-05-01 03:23:00+00:00,4585.875,4590.598,4584.915,4590.085,0
2026-05-01 03:24:00+00:00,4590.085,4590.955,4589.658,4590.935,0
2026-05-01 03:25:00+00:00,4590.905,4590.905,4587.875,4587.925,0
2026-05-01 03:26:00+00:00,4587.885,4588.905,4587.435,4587.495,0
2026-05-01 03:27:00+00:00,4587.505,4590.705,4587.495,4590.665,0
2026-05-01 03:28:00+00:00,4590.695,4592.065,4590.695,4591.915,0
2026-05-01 03:29:00+00:00,4591.955,4592.915,4591.645,4592.095,0
2026-05-01 03:30:00+00:00,4592.125,4592.365,4589.555,4589.565,0
2026-05-01 03:31:00+00:00,4589.585,4590.125,4588.145,4588.455,0
2026-05-01 03:32:00+00:00,4588.745,4588.955,4585.785,4585.885,0
2026-05-01 03:33:00+00:00,4585.845,4587.245,4584.385,4584.525,0
2026-05-01 03:34:00+00:00,4583.975,4585.535,4583.455,4585.505,0
2026-05-01 03:35:00+00:00,4585.545,4588.715,4585.325,4588.515,0
2026-05-01 03:36:00+00:00,4588.575,4589.805,4587.735,4587.775,0
2026-05-01 03:37:00+00:00,4587.755,4588.065,4585.325,4586.945,0
2026-05-01 03:38:00+00:00,4587.035,4587.035,4585.455,4585.605,0
2026-05-01 03:39:00+00:00,4585.435,4585.535,4583.965,4584.605,0
2026-05-01 03:40:00+00:00,4584.615,4585.175,4584.045,4584.735,0
2026-05-01 03:41:00+00:00,4584.735,4586.465,4584.465,4586.435,0
2026-05-01 03:42:00+00:00,4586.405,4586.795,4585.965,4586.795,0
2026-05-01 03:43:00+00:00,4586.525,4586.925,4585.515,4586.515,0
2026-05-01 03:44:00+00:00,4586.475,4586.475,4584.995,4585.115,0
2026-05-01 03:45:00+00:00,4585.095,4585.685,4584.195,4584.235,0
2026-05-01 03:46:00+00:00,4584.205,4584.505,4582.935,4583.615,0
2026-05-01 03:47:00+00:00,4583.575,4584.465,4582.915,4582.915,0
2026-05-01 03:48:00+00:00,4582.975,4583.125,4582.085,4582.705,0
2026-05-01 03:49:00+00:00,4582.675,4583.355,4582.078,4583.255,0
2026-05-01 03:50:00+00:00,4583.455,4584.565,4582.905,4583.945,0
2026-05-01 03:51:00+00:00,4583.958,4584.345,4580.665,4581.315,0
2026-05-01 03:52:00+00:00,4581.265,4583.705,4581.035,4583.665,0
2026-05-01 03:53:00+00:00,4583.635,4583.635,4582.125,4582.135,0
2026-05-01 03:54:00+00:00,4582.075,4582.075,4579.435,4579.485,0
2026-05-01 03:55:00+00:00,4579.445,4580.955,4578.655,4579.945,0
2026-05-01 03:56:00+00:00,4579.915,4580.325,4578.215,4578.305,0
2026-05-01 03:57:00+00:00,4578.275,4578.338,4576.035,4576.838,0
2026-05-01 03:58:00+00:00,4576.838,4576.978,4575.555,4576.095,0
2026-05-01 03:59:00+00:00,4576.135,4578.175,4576.115,4577.885,0
2026-05-01 04:00:00+00:00,4577.838,4580.385,4577.498,4580.315,0
2026-05-01 04:01:00+00:00,4580.315,4581.485,4579.335,4580.825,0
2026-05-01 04:02:00+00:00,4580.805,4581.238,4578.958,4579.198,0
2026-05-01 04:03:00+00:00,4579.155,4579.665,4576.975,4577.965,0
2026-05-01 04:04:00+00:00,4577.875,4582.115,4577.625,4581.415,0
2026-05-01 04:05:00+00:00,4581.438,4581.898,4579.575,4580.605,0
2026-05-01 04:06:00+00:00,4580.605,4581.658,4580.218,4581.318,0
2026-05-01 04:07:00+00:00,4581.318,4582.225,4580.065,4581.065,0
2026-05-01 04:08:00+00:00,4581.138,4581.505,4580.235,4580.855,0
2026-05-01 04:09:00+00:00,4580.835,4580.835,4579.365,4579.455,0
2026-05-01 04:10:00+00:00,4579.475,4579.645,4573.135,4574.555,0
2026-05-01 04:11:00+00:00,4574.525,4575.845,4573.705,4575.825,0
2026-05-01 04:12:00+00:00,4575.825,4576.875,4575.688,4576.145,0
2026-05-01 04:13:00+00:00,4576.135,4576.265,4574.785,4575.325,0
2026-05-01 04:14:00+00:00,4575.325,4575.325,4573.635,4573.775,0
2026-05-01 04:15:00+00:00,4573.795,4576.485,4572.785,4576.185,0
2026-05-01 04:16:00+00:00,4576.245,4576.705,4572.935,4573.825,0
2026-05-01 04:17:00+00:00,4573.758,4573.875,4571.345,4571.555,0
2026-05-01 04:18:00+00:00,4571.485,4572.735,4571.475,4572.385,0
2026-05-01 04:19:00+00:00,4572.358,4572.458,4570.815,4571.315,0
2026-05-01 04:20:00+00:00,4571.535,4572.665,4569.718,4569.738,0
2026-05-01 04:21:00+00:00,4569.755,4571.145,4569.755,4570.105,0
2026-05-01 04:22:00+00:00,4570.075,4570.075,4568.535,4569.115,0
2026-05-01 04:23:00+00:00,4569.125,4570.115,4568.635,4568.745,0
2026-05-01 04:24:00+00:00,4568.725,4569.265,4567.975,4568.445,0
2026-05-01 04:25:00+00:00,4568.295,4568.965,4567.125,4568.405,0
2026-05-01 04:26:00+00:00,4568.455,4568.575,4566.605,4566.755,0
2026-05-01 04:27:00+00:00,4566.635,4568.185,4566.225,4567.615,0
2026-05-01 04:28:00+00:00,4567.335,4568.265,4566.625,4568.115,0
2026-05-01 04:29:00+00:00,4568.045,4568.215,4567.075,4567.075,0
2026-05-01 04:30:00+00:00,4566.935,4567.035,4565.905,4566.665,0
2026-05-01 04:31:00+00:00,4566.665,4568.925,4566.655,4568.205,0
2026-05-01 04:32:00+00:00,4568.235,4571.095,4568.235,4570.215,0
2026-05-01 04:33:00+00:00,4570.185,4571.745,4569.505,4571.395,0
2026-05-01 04:34:00+00:00,4571.315,4571.685,4571.085,4571.685,0
2026-05-01 04:35:00+00:00,4571.625,4571.925,4569.065,4569.595,0
2026-05-01 04:36:00+00:00,4569.675,4569.985,4565.885,4567.295,0
2026-05-01 04:37:00+00:00,4567.445,4570.085,4566.875,4568.945,0
2026-05-01 04:38:00+00:00,4568.895,4570.045,4568.085,4570.015,0
2026-05-01 04:39:00+00:00,4570.015,4570.315,4569.185,4570.235,0
2026-05-01 04:40:00+00:00,4570.315,4570.415,4569.495,4570.195,0
2026-05-01 04:41:00+00:00,4570.215,4570.815,4568.835,4568.835,0
2026-05-01 04:42:00+00:00,4568.835,4571.005,4568.695,4570.985,0
2026-05-01 04:43:00+00:00,4570.965,4571.285,4569.995,4570.315,0
2026-05-01 04:44:00+00:00,4570.385,4571.205,4570.365,4570.975,0
2026-05-01 04:45:00+00:00,4570.775,4572.495,4570.775,4571.935,0
2026-05-01 04:46:00+00:00,4571.955,4571.965,4569.285,4569.845,0
2026-05-01 04:47:00+00:00,4569.845,4570.505,4569.565,4569.575,0
2026-05-01 04:48:00+00:00,4569.575,4569.955,4568.375,4568.585,0
2026-05-01 04:49:00+00:00,4568.615,4571.275,4568.455,4571.085,0
2026-05-01 04:50:00+00:00,4571.045,4571.045,4568.715,4568.965,0
2026-05-01 04:51:00+00:00,4568.965,4569.005,4566.465,4566.665,0
2026-05-01 04:52:00+00:00,4566.725,4567.305,4564.905,4564.945,0
2026-05-01 04:53:00+00:00,4565.305,4566.235,4564.995,4565.635,0
2026-05-01 04:54:00+00:00,4565.545,4568.185,4565.465,4568.025,0
2026-05-01 04:55:00+00:00,4568.065,4568.305,4566.905,4567.245,0
2026-05-01 04:56:00+00:00,4567.135,4568.895,4567.075,4568.405,0
2026-05-01 04:57:00+00:00,4568.445,4569.325,4567.475,4568.985,0
2026-05-01 04:58:00+00:00,4568.945,4569.475,4567.995,4568.285,0
2026-05-01 04:59:00+00:00,4568.265,4568.725,4566.985,4568.725,0
2026-05-01 05:00:00+00:00,4568.745,4568.985,4566.985,4567.425,0
2026-05-01 05:01:00+00:00,4567.415,4568.315,4566.065,4566.625,0
2026-05-01 05:02:00+00:00,4566.595,4567.865,4564.655,4567.395,0
2026-05-01 05:03:00+00:00,4567.435,4567.735,4565.805,4565.845,0
2026-05-01 05:04:00+00:00,4565.895,4566.375,4564.125,4565.515,0
2026-05-01 05:05:00+00:00,4565.575,4566.995,4564.975,4566.865,0
2026-05-01 05:06:00+00:00,4566.935,4567.385,4566.215,4566.775,0
2026-05-01 05:07:00+00:00,4566.755,4566.945,4565.675,4566.435,0
2026-05-01 05:08:00+00:00,4566.415,4566.415,4564.315,4564.495,0
2026-05-01 05:09:00+00:00,4564.515,4566.315,4564.075,4566.155,0
2026-05-01 05:10:00+00:00,4566.195,4567.465,4566.145,4566.945,0
2026-05-01 05:11:00+00:00,4566.985,4567.135,4564.565,4564.885,0
2026-05-01 05:12:00+00:00,4564.855,4565.865,4564.815,4565.785,0
2026-05-01 05:13:00+00:00,4565.785,4565.785,4563.985,4564.538,0
2026-05-01 05:14:00+00:00,4564.498,4565.778,4564.425,4565.455,0
2026-05-01 05:15:00+00:00,4565.425,4566.525,4565.275,4566.075,0
2026-05-01 05:16:00+00:00,4566.045,4566.045,4564.305,4565.065,0
2026-05-01 05:17:00+00:00,4565.095,4566.865,4565.095,4566.325,0
2026-05-01 05:18:00+00:00,4566.205,4567.515,4566.205,4567.465,0
2026-05-01 05:19:00+00:00,4567.515,4567.965,4566.325,4567.945,0
2026-05-01 05:20:00+00:00,4568.175,4569.885,4567.875,4569.145,0
2026-05-01 05:21:00+00:00,4569.185,4569.945,4568.985,4569.205,0
2026-05-01 05:22:00+00:00,4569.175,4570.005,4568.925,4569.785,0
2026-05-01 05:23:00+00:00,4569.795,4570.975,4569.705,4570.405,0
2026-05-01 05:24:00+00:00,4570.375,4570.905,4569.665,4569.745,0
2026-05-01 05:25:00+00:00,4569.715,4570.355,4569.455,4569.455,0
2026-05-01 05:26:00+00:00,4569.515,4570.285,4567.385,4568.755,0
2026-05-01 05:27:00+00:00,4568.685,4569.115,4568.175,4568.865,0
2026-05-01 05:28:00+00:00,4568.845,4570.685,4568.475,4570.195,0
2026-05-01 05:29:00+00:00,4570.215,4570.945,4569.045,4569.115,0
2026-05-01 05:30:00+00:00,4569.085,4569.735,4567.605,4569.735,0
2026-05-01 05:31:00+00:00,4569.705,4570.215,4568.515,4568.995,0
2026-05-01 05:32:00+00:00,4569.045,4569.175,4567.495,4568.675,0
2026-05-01 05:33:00+00:00,4568.655,4570.505,4568.555,4570.225,0
2026-05-01 05:34:00+00:00,4570.205,4571.815,4570.125,4571.365,0
2026-05-01 05:35:00+00:00,4571.175,4571.175,4569.525,4570.735,0
2026-05-01 05:36:00+00:00,4570.785,4571.365,4570.305,4571.215,0
2026-05-01 05:37:00+00:00,4571.175,4572.105,4570.845,4571.895,0
2026-05-01 05:38:00+00:00,4571.955,4572.745,4571.935,4572.345,0
2026-05-01 05:39:00+00:00,4572.395,4572.395,4571.615,4571.615,0
2026-05-01 05:40:00+00:00,4571.545,4571.565,4570.495,4570.855,0
2026-05-01 05:41:00+00:00,4570.895,4571.655,4570.785,4571.575,0
2026-05-01 05:42:00+00:00,4571.495,4572.315,4571.245,4571.625,0
2026-05-01 05:43:00+00:00,4571.645,4572.295,4569.955,4570.895,0
2026-05-01 05:44:00+00:00,4570.875,4571.325,4570.125,4570.175,0
2026-05-01 05:45:00+00:00,4570.145,4570.515,4569.585,4569.615,0
2026-05-01 05:46:00+00:00,4569.575,4569.575,4567.675,4568.195,0
2026-05-01 05:47:00+00:00,4568.185,4569.435,4567.945,4569.305,0
2026-05-01 05:48:00+00:00,4569.245,4570.325,4568.945,4569.805,0
2026-05-01 05:49:00+00:00,4569.655,4570.575,4568.595,4568.945,0
2026-05-01 05:50:00+00:00,4568.805,4568.805,4566.145,4567.655,0
2026-05-01 05:51:00+00:00,4567.675,4569.125,4566.745,4568.485,0
2026-05-01 05:52:00+00:00,4568.525,4570.015,4568.005,4568.475,0
2026-05-01 05:53:00+00:00,4568.485,4568.485,4566.345,4566.525,0
2026-05-01 05:54:00+00:00,4566.545,4566.685,4560.588,4560.755,0
2026-05-01 05:55:00+00:00,4560.735,4563.755,4560.735,4563.595,0
2026-05-01 05:56:00+00:00,4563.575,4563.805,4561.025,4561.695,0
2026-05-01 05:57:00+00:00,4561.585,4562.285,4560.115,4560.375,0
2026-05-01 05:58:00+00:00,4560.465,4561.815,4560.045,4561.795,0
2026-05-01 05:59:00+00:00,4561.765,4562.555,4560.835,4562.555,0
2026-05-01 06:00:00+00:00,4562.595,4562.745,4561.315,4562.315,0
2026-05-01 06:01:00+00:00,4562.505,4563.285,4561.715,4562.135,0
2026-05-01 06:02:00+00:00,4562.055,4563.685,4561.185,4563.685,0
2026-05-01 06:03:00+00:00,4563.585,4564.095,4562.715,4563.545,0
2026-05-01 06:04:00+00:00,4563.625,4564.195,4563.265,4563.275,0
2026-05-01 06:05:00+00:00,4563.095,4564.305,4563.095,4563.965,0
2026-05-01 06:06:00+00:00,4563.995,4564.565,4563.195,4563.965,0
2026-05-01 06:07:00+00:00,4563.955,4565.535,4563.805,4565.505,0
2026-05-01 06:08:00+00:00,4565.435,4567.795,4565.365,4567.245,0
2026-05-01 06:09:00+00:00,4567.175,4567.315,4565.755,4566.465,0
2026-05-01 06:10:00+00:00,4566.485,4567.605,4566.485,4567.345,0
2026-05-01 06:11:00+00:00,4567.325,4567.365,4565.265,4565.555,0
2026-05-01 06:12:00+00:00,4565.565,4565.815,4564.965,4565.645,0
2026-05-01 06:13:00+00:00,4565.605,4566.875,4564.985,4566.665,0
2026-05-01 06:14:00+00:00,4566.725,4567.455,4566.455,4566.495,0
2026-05-01 06:15:00+00:00,4566.515,4567.235,4566.515,4567.145,0
2026-05-01 06:16:00+00:00,4567.145,4567.965,4566.985,4567.365,0
2026-05-01 06:17:00+00:00,4567.465,4567.665,4566.385,4567.665,0
2026-05-01 06:18:00+00:00,4567.625,4567.775,4566.925,4567.645,0
2026-05-01 06:19:00+00:00,4567.885,4568.825,4567.785,4568.825,0
2026-05-01 06:20:00+00:00,4568.755,4569.735,4568.335,4569.475,0
2026-05-01 06:21:00+00:00,4569.405,4570.475,4569.255,4569.975,0
2026-05-01 06:22:00+00:00,4569.955,4571.195,4569.305,4570.805,0
2026-05-01 06:23:00+00:00,4570.595,4571.675,4570.565,4571.305,0
2026-05-01 06:24:00+00:00,4571.255,4571.835,4571.185,4571.385,0
2026-05-01 06:25:00+00:00,4571.275,4571.605,4570.645,4571.565,0
2026-05-01 06:26:00+00:00,4571.565,4572.215,4571.005,4572.185,0
2026-05-01 06:27:00+00:00,4572.155,4572.475,4571.245,4571.485,0
2026-05-01 06:28:00+00:00,4571.485,4572.525,4571.125,4571.275,0
2026-05-01 06:29:00+00:00,4571.335,4572.305,4571.335,4571.965,0
2026-05-01 06:30:00+00:00,4571.955,4573.925,4571.525,4573.915,0
2026-05-01 06:31:00+00:00,4573.895,4575.755,4573.855,4574.865,0
2026-05-01 06:32:00+00:00,4574.865,4575.895,4573.945,4573.975,0
2026-05-01 06:33:00+00:00,4573.975,4574.455,4571.695,4571.845,0
2026-05-01 06:34:00+00:00,4571.665,4571.665,4570.585,4570.795,0
2026-05-01 06:35:00+00:00,4570.955,4571.285,4569.235,4569.605,0
2026-05-01 06:36:00+00:00,4569.905,4570.535,4569.095,4569.095,0
2026-05-01 06:37:00+00:00,4569.095,4569.095,4568.495,4568.945,0
2026-05-01 06:38:00+00:00,4568.905,4570.135,4568.595,4569.715,0
2026-05-01 06:39:00+00:00,4569.775,4570.115,4567.225,4568.105,0
2026-05-01 06:40:00+00:00,4568.115,4569.895,4567.885,4569.885,0
2026-05-01 06:41:00+00:00,4569.915,4570.495,4567.465,4568.405,0
2026-05-01 06:42:00+00:00,4568.365,4569.565,4568.005,4569.335,0
2026-05-01 06:43:00+00:00,4569.525,4570.285,4569.315,4569.475,0
2026-05-01 06:44:00+00:00,4569.455,4570.215,4568.905,4570.165,0
2026-05-01 06:45:00+00:00,4570.145,4570.255,4569.425,4570.255,0
2026-05-01 06:46:00+00:00,4570.305,4570.715,4569.915,4569.935,0
2026-05-01 06:47:00+00:00,4569.955,4571.865,4569.955,4571.825,0
2026-05-01 06:48:00+00:00,4571.785,4571.935,4570.525,4570.835,0
2026-05-01 06:49:00+00:00,4570.845,4571.045,4568.725,4568.865,0
2026-05-01 06:50:00+00:00,4568.795,4569.085,4568.055,4568.285,0
2026-05-01 06:51:00+00:00,4568.225,4568.975,4568.095,4568.255,0
2026-05-01 06:52:00+00:00,4568.235,4569.015,4568.015,4568.915,0
2026-05-01 06:53:00+00:00,4568.955,4568.955,4566.295,4566.555,0
2026-05-01 06:54:00+00:00,4566.515,4567.175,4566.385,4566.985,0
2026-05-01 06:55:00+00:00,4566.945,4568.585,4566.945,4568.175,0
2026-05-01 06:56:00+00:00,4568.195,4568.195,4567.095,4567.455,0
2026-05-01 06:57:00+00:00,4567.495,4568.645,4567.365,4567.385,0
2026-05-01 06:58:00+00:00,4567.315,4567.445,4566.795,4566.845,0
2026-05-01 06:59:00+00:00,4566.855,4566.905,4565.885,4566.695,0
2026-05-01 07:00:00+00:00,4566.715,4567.565,4565.595,4567.235,0
2026-05-01 07:01:00+00:00,4567.425,4567.775,4564.405,4564.415,0
2026-05-01 07:02:00+00:00,4564.435,4566.495,4563.665,4566.495,0
2026-05-01 07:03:00+00:00,4566.515,4567.725,4566.515,4566.655,0
2026-05-01 07:04:00+00:00,4566.615,4567.145,4566.125,4567.075,0
2026-05-01 07:05:00+00:00,4567.055,4568.745,4564.905,4565.885,0
2026-05-01 07:06:00+00:00,4565.845,4566.705,4565.765,4566.155,0
2026-05-01 07:07:00+00:00,4566.135,4567.345,4565.885,4566.755,0
2026-05-01 07:08:00+00:00,4566.685,4567.445,4566.685,4567.265,0
2026-05-01 07:09:00+00:00,4567.335,4567.715,4566.725,4566.965,0
2026-05-01 07:10:00+00:00,4566.895,4566.925,4564.355,4565.375,0
2026-05-01 07:11:00+00:00,4565.455,4565.465,4562.325,4563.705,0
2026-05-01 07:12:00+00:00,4563.715,4564.975,4563.715,4564.455,0
2026-05-01 07:13:00+00:00,4564.535,4565.845,4564.515,4565.365,0
2026-05-01 07:14:00+00:00,4565.195,4565.985,4564.355,4565.615,0
2026-05-01 07:15:00+00:00,4565.355,4566.255,4564.445,4566.165,0
2026-05-01 07:16:00+00:00,4566.185,4567.925,4566.185,4567.445,0
2026-05-01 07:17:00+00:00,4567.445,4569.635,4567.325,4569.275,0
2026-05-01 07:18:00+00:00,4569.245,4571.335,4569.065,4570.905,0
2026-05-01 07:19:00+00:00,4570.755,4571.575,4570.735,4571.575,0
2026-05-01 07:20:00+00:00,4571.575,4573.055,4571.575,4572.885,0
2026-05-01 07:21:00+00:00,4572.925,4573.175,4571.685,4572.555,0
2026-05-01 07:22:00+00:00,4572.595,4573.485,4572.405,4573.485,0
2026-05-01 07:23:00+00:00,4573.425,4574.025,4571.925,4572.335,0
2026-05-01 07:24:00+00:00,4572.535,4573.225,4572.085,4573.065,0
2026-05-01 07:25:00+00:00,4573.045,4576.305,4572.645,4575.335,0
2026-05-01 07:26:00+00:00,4575.315,4575.935,4574.265,4574.715,0
2026-05-01 07:27:00+00:00,4574.635,4574.635,4571.795,4571.875,0
2026-05-01 07:28:00+00:00,4572.215,4572.255,4571.435,4572.065,0
2026-05-01 07:29:00+00:00,4572.105,4572.355,4571.495,4571.655,0
2026-05-01 07:30:00+00:00,4571.635,4572.855,4570.105,4572.475,0
2026-05-01 07:31:00+00:00,4572.485,4574.825,4572.025,4574.375,0
2026-05-01 07:32:00+00:00,4574.695,4575.205,4573.285,4573.435,0
2026-05-01 07:33:00+00:00,4573.395,4574.295,4573.205,4573.845,0
2026-05-01 07:34:00+00:00,4573.825,4575.005,4573.465,4574.825,0
2026-05-01 07:35:00+00:00,4574.835,4576.075,4573.945,4574.355,0
2026-05-01 07:36:00+00:00,4574.375,4576.665,4574.375,4576.645,0
2026-05-01 07:37:00+00:00,4576.625,4576.925,4575.645,4576.245,0
2026-05-01 07:38:00+00:00,4576.335,4576.805,4575.625,4575.625,0
2026-05-01 07:39:00+00:00,4575.635,4576.915,4575.555,4575.745,0
2026-05-01 07:40:00+00:00,4575.845,4576.745,4575.065,4576.545,0
2026-05-01 07:41:00+00:00,4576.525,4577.598,4575.715,4575.755,0
2026-05-01 07:42:00+00:00,4575.775,4576.385,4575.055,4576.305,0
2026-05-01 07:43:00+00:00,4576.255,4576.575,4574.965,4575.575,0
2026-05-01 07:44:00+00:00,4575.565,4575.875,4575.195,4575.475,0
2026-05-01 07:45:00+00:00,4575.505,4575.795,4574.475,4574.545,0
2026-05-01 07:46:00+00:00,4574.575,4574.815,4573.885,4574.385,0
2026-05-01 07:47:00+00:00,4574.455,4574.455,4572.935,4574.355,0
2026-05-01 07:48:00+00:00,4574.498,4575.475,4573.955,4574.415,0
2026-05-01 07:49:00+00:00,4574.415,4574.625,4573.005,4574.155,0
2026-05-01 07:50:00+00:00,4574.095,4574.595,4573.325,4573.595,0
2026-05-01 07:51:00+00:00,4573.605,4573.615,4572.605,4573.135,0
2026-05-01 07:52:00+00:00,4573.115,4574.865,4572.805,4574.435,0
2026-05-01 07:53:00+00:00,4574.435,4575.885,4574.185,4575.885,0
2026-05-01 07:54:00+00:00,4575.875,4578.115,4575.835,4577.785,0
2026-05-01 07:55:00+00:00,4577.795,4579.455,4577.125,4579.215,0
2026-05-01 07:56:00+00:00,4579.145,4579.205,4577.925,4578.115,0
2026-05-01 07:57:00+00:00,4578.095,4578.255,4576.665,4577.495,0
2026-05-01 07:58:00+00:00,4577.565,4579.095,4577.265,4579.025,0
2026-05-01 07:59:00+00:00,4579.005,4579.295,4578.525,4578.525,0
2026-05-01 08:00:00+00:00,4578.465,4578.605,4576.295,4576.975,0
2026-05-01 08:01:00+00:00,4576.925,4577.935,4576.205,4576.375,0
2026-05-01 08:02:00+00:00,4576.385,4576.785,4574.835,4575.375,0
2026-05-01 08:03:00+00:00,4575.345,4576.965,4575.215,4576.095,0
2026-05-01 08:04:00+00:00,4576.125,4578.115,4575.755,4577.835,0
2026-05-01 08:05:00+00:00,4577.835,4578.595,4577.535,4578.075,0
2026-05-01 08:06:00+00:00,4578.065,4579.275,4576.915,4579.065,0
2026-05-01 08:07:00+00:00,4579.475,4579.615,4576.815,4577.015,0
2026-05-01 08:08:00+00:00,4577.015,4577.955,4575.855,4575.975,0
2026-05-01 08:09:00+00:00,4576.215,4576.655,4576.025,4576.425,0
2026-05-01 08:10:00+00:00,4576.395,4577.035,4575.205,4576.415,0
2026-05-01 08:11:00+00:00,4576.435,4576.985,4575.155,4575.265,0
2026-05-01 08:12:00+00:00,4575.235,4578.415,4574.765,4576.915,0
2026-05-01 08:13:00+00:00,4577.025,4582.355,4576.935,4581.385,0
2026-05-01 08:14:00+00:00,4581.305,4590.265,4581.055,4584.435,0
2026-05-01 08:15:00+00:00,4584.385,4586.325,4583.885,4584.915,0
2026-05-01 08:16:00+00:00,4584.985,4585.675,4582.605,4584.145,0
2026-05-01 08:17:00+00:00,4584.155,4587.365,4583.445,4586.995,0
2026-05-01 08:18:00+00:00,4587.155,4589.785,4587.155,4589.565,0
2026-05-01 08:19:00+00:00,4589.385,4589.845,4587.695,4588.295,0
2026-05-01 08:20:00+00:00,4588.395,4591.115,4587.385,4589.765,0
2026-05-01 08:21:00+00:00,4589.815,4592.165,4587.945,4592.125,0
2026-05-01 08:22:00+00:00,4592.125,4595.365,4591.015,4595.305,0
2026-05-01 08:23:00+00:00,4595.405,4596.845,4594.645,4595.465,0
2026-05-01 08:24:00+00:00,4595.495,4597.855,4594.145,4597.265,0
2026-05-01 08:25:00+00:00,4597.235,4604.185,4597.235,4603.115,0
2026-05-01 08:26:00+00:00,4603.225,4607.185,4602.765,4605.165,0
2026-05-01 08:27:00+00:00,4605.295,4607.255,4604.105,4605.005,0
2026-05-01 08:28:00+00:00,4604.965,4606.815,4602.525,4606.615,0
2026-05-01 08:29:00+00:00,4606.615,4607.655,4602.135,4602.755,0
2026-05-01 08:30:00+00:00,4602.855,4603.165,4599.095,4599.608,0
2026-05-01 08:31:00+00:00,4599.628,4601.228,4598.975,4598.975,0
2026-05-01 08:32:00+00:00,4598.958,4598.958,4596.405,4597.265,0
2026-05-01 08:33:00+00:00,4597.275,4597.825,4596.085,4596.415,0
2026-05-01 08:34:00+00:00,4596.405,4598.665,4596.255,4597.565,0
2026-05-01 08:35:00+00:00,4597.545,4599.365,4595.525,4598.955,0
2026-05-01 08:36:00+00:00,4599.095,4601.365,4599.025,4599.475,0
2026-05-01 08:37:00+00:00,4599.475,4601.205,4598.065,4598.085,0
2026-05-01 08:38:00+00:00,4598.105,4598.945,4596.855,4598.005,0
2026-05-01 08:39:00+00:00,4597.975,4598.325,4597.315,4597.735,0
2026-05-01 08:40:00+00:00,4597.765,4599.955,4596.615,4596.975,0
2026-05-01 08:41:00+00:00,4596.655,4596.655,4592.475,4592.805,0
2026-05-01 08:42:00+00:00,4592.895,4593.055,4590.745,4591.795,0
2026-05-01 08:43:00+00:00,4591.595,4591.845,4588.905,4589.005,0
2026-05-01 08:44:00+00:00,4588.985,4592.155,4588.815,4591.685,0
2026-05-01 08:45:00+00:00,4591.715,4594.925,4591.575,4593.305,0
2026-05-01 08:46:00+00:00,4593.265,4595.385,4592.035,4592.435,0
2026-05-01 08:47:00+00:00,4592.455,4593.375,4591.515,4592.715,0
2026-05-01 08:48:00+00:00,4592.725,4593.225,4590.695,4592.495,0
2026-05-01 08:49:00+00:00,4592.465,4592.695,4590.705,4592.455,0
2026-05-01 08:50:00+00:00,4592.505,4594.515,4592.095,4593.575,0
2026-05-01 08:51:00+00:00,4593.625,4594.235,4592.365,4593.115,0
2026-05-01 08:52:00+00:00,4593.135,4595.065,4592.335,4594.555,0
2026-05-01 08:53:00+00:00,4594.395,4595.085,4593.775,4593.785,0
2026-05-01 08:54:00+00:00,4593.775,4594.835,4592.815,4592.905,0
2026-05-01 08:55:00+00:00,4592.935,4593.135,4590.635,4591.895,0
2026-05-01 08:56:00+00:00,4591.885,4592.275,4589.755,4590.195,0
2026-05-01 08:57:00+00:00,4590.195,4591.055,4589.495,4591.055,0
2026-05-01 08:58:00+00:00,4591.095,4593.425,4590.715,4592.725,0
2026-05-01 08:59:00+00:00,4592.545,4592.955,4590.605,4591.065,0
2026-05-01 09:00:00+00:00,4591.045,4591.665,4589.605,4591.495,0
2026-05-01 09:01:00+00:00,4591.475,4594.395,4590.935,4594.205,0
2026-05-01 09:02:00+00:00,4594.185,4595.885,4593.425,4594.805,0
2026-05-01 09:03:00+00:00,4594.805,4595.225,4593.395,4594.075,0
2026-05-01 09:04:00+00:00,4594.155,4594.215,4592.215,4592.395,0
2026-05-01 09:05:00+00:00,4592.395,4594.115,4591.845,4593.875,0
2026-05-01 09:06:00+00:00,4593.855,4594.435,4592.055,4592.235,0
2026-05-01 09:07:00+00:00,4592.265,4594.815,4591.635,4594.605,0
2026-05-01 09:08:00+00:00,4594.615,4594.815,4593.815,4594.455,0
2026-05-01 09:09:00+00:00,4594.565,4596.375,4594.385,4595.925,0
2026-05-01 09:10:00+00:00,4595.875,4597.065,4594.055,4595.205,0
2026-05-01 09:11:00+00:00,4595.145,4595.545,4594.375,4595.195,0
2026-05-01 09:12:00+00:00,4595.215,4595.985,4593.195,4593.355,0
2026-05-01 09:13:00+00:00,4593.385,4594.215,4590.285,4590.845,0
2026-05-01 09:14:00+00:00,4590.875,4591.375,4589.775,4591.115,0
2026-05-01 09:15:00+00:00,4591.055,4591.655,4589.735,4590.315,0
2026-05-01 09:16:00+00:00,4590.335,4590.475,4588.125,4588.195,0
2026-05-01 09:17:00+00:00,4588.205,4591.425,4587.335,4591.415,0
2026-05-01 09:18:00+00:00,4591.345,4592.405,4590.485,4590.655,0
2026-05-01 09:19:00+00:00,4590.685,4591.385,4589.775,4591.095,0
2026-05-01 09:20:00+00:00,4591.115,4591.595,4590.065,4591.565,0
2026-05-01 09:21:00+00:00,4591.665,4592.725,4590.725,4591.325,0
2026-05-01 09:22:00+00:00,4591.185,4592.685,4590.475,4592.425,0
2026-05-01 09:23:00+00:00,4592.465,4592.465,4590.445,4590.885,0
2026-05-01 09:24:00+00:00,4590.905,4592.615,4590.875,4592.515,0
2026-05-01 09:25:00+00:00,4592.485,4593.075,4591.555,4591.835,0
2026-05-01 09:26:00+00:00,4591.725,4592.455,4590.635,4590.755,0
2026-05-01 09:27:00+00:00,4590.715,4590.895,4588.125,4588.805,0
2026-05-01 09:28:00+00:00,4588.805,4590.695,4588.305,4588.305,0
2026-05-01 09:29:00+00:00,4588.285,4589.455,4586.315,4589.085,0
2026-05-01 09:30:00+00:00,4589.025,4591.105,4586.405,4590.755,0
2026-05-01 09:31:00+00:00,4591.165,4595.455,4591.165,4591.775,0
2026-05-01 09:32:00+00:00,4591.845,4595.485,4591.545,4595.325,0
2026-05-01 09:33:00+00:00,4595.325,4600.395,4594.965,4600.215,0
2026-05-01 09:34:00+00:00,4600.185,4601.415,4598.165,4598.475,0
2026-05-01 09:35:00+00:00,4598.475,4601.475,4598.455,4599.465,0
2026-05-01 09:36:00+00:00,4599.475,4603.005,4598.685,4601.075,0
2026-05-01 09:37:00+00:00,4601.035,4605.275,4600.915,4604.295,0
2026-05-01 09:38:00+00:00,4604.295,4604.335,4600.315,4600.575,0
2026-05-01 09:39:00+00:00,4600.555,4602.885,4600.185,4602.545,0
2026-05-01 09:40:00+00:00,4602.545,4607.315,4602.465,4607.275,0
2026-05-01 09:41:00+00:00,4607.535,4608.735,4604.785,4607.085,0
2026-05-01 09:42:00+00:00,4607.575,4607.675,4603.725,4606.185,0
2026-05-01 09:43:00+00:00,4606.255,4607.075,4604.285,4604.305,0
2026-05-01 09:44:00+00:00,4604.055,4607.945,4604.025,4607.605,0
2026-05-01 09:45:00+00:00,4607.605,4609.065,4603.505,4603.855,0
2026-05-01 09:46:00+00:00,4603.805,4605.305,4602.395,4602.425,0
2026-05-01 09:47:00+00:00,4602.455,4602.865,4598.525,4598.695,0
2026-05-01 09:48:00+00:00,4598.695,4602.995,4598.695,4601.485,0
2026-05-01 09:49:00+00:00,4601.465,4602.925,4601.095,4601.175,0
2026-05-01 09:50:00+00:00,4601.165,4608.215,4599.255,4608.215,0
2026-05-01 09:51:00+00:00,4608.705,4608.758,4603.938,4607.285,0
2026-05-01 09:52:00+00:00,4607.305,4611.615,4605.985,4611.615,0
2026-05-01 09:53:00+00:00,4611.405,4615.068,4610.728,4614.675,0
2026-05-01 09:54:00+00:00,4614.935,4620.555,4613.915,4616.595,0
2026-05-01 09:55:00+00:00,4616.585,4628.465,4616.235,4625.865,0
2026-05-01 09:56:00+00:00,4626.005,4626.645,4623.955,4624.815,0
2026-05-01 09:57:00+00:00,4624.785,4626.955,4623.905,4624.355,0
2026-05-01 09:58:00+00:00,4624.375,4626.475,4621.945,4622.275,0
2026-05-01 09:59:00+00:00,4622.248,4626.145,4621.885,4623.9,0
2026-05-01 10:00:00+00:00,4624.875,4636.528,4624.095,4631.915,0
2026-05-01 10:01:00+00:00,4631.885,4637.385,4630.505,4637.345,0
2026-05-01 10:02:00+00:00,4637.325,4641.665,4635.325,4635.815,0
2026-05-01 10:03:00+00:00,4635.795,4638.805,4634.385,4638.525,0
2026-05-01 10:04:00+00:00,4638.615,4638.655,4634.025,4634.455,0
2026-05-01 10:05:00+00:00,4634.505,4637.705,4632.475,4634.655,0
2026-05-01 10:06:00+00:00,4634.635,4640.215,4632.605,4637.675,0
2026-05-01 10:07:00+00:00,4637.715,4638.005,4633.965,4634.105,0
2026-05-01 10:08:00+00:00,4634.395,4634.895,4632.845,4634.505,0
2026-05-01 10:09:00+00:00,4634.505,4636.265,4632.925,4634.435,0
2026-05-01 10:10:00+00:00,4634.415,4637.585,4634.325,4637.035,0
2026-05-01 10:11:00+00:00,4637.055,4642.855,4637.025,4641.215,0
2026-05-01 10:12:00+00:00,4641.265,4659.575,4640.855,4658.405,0
2026-05-01 10:13:00+00:00,4657.625,4659.925,4656.155,4657.315,0
2026-05-01 10:14:00+00:00,4657.345,4658.445,4653.115,4656.015,0
2026-05-01 10:15:00+00:00,4655.925,4660.065,4654.805,4655.675,0
2026-05-01 10:16:00+00:00,4655.695,4659.695,4654.895,4658.275,0
2026-05-01 10:17:00+00:00,4658.165,4658.675,4652.785,4653.445,0
2026-05-01 10:18:00+00:00,4653.425,4654.455,4650.775,4650.885,0
2026-05-01 10:19:00+00:00,4650.955,4654.905,4648.958,4654.385,0
2026-05-01 10:20:00+00:00,4654.395,4656.895,4652.135,4656.025,0
2026-05-01 10:21:00+00:00,4655.795,4655.905,4653.915,4654.205,0
2026-05-01 10:22:00+00:00,4654.215,4657.925,4653.325,4655.555,0
2026-05-01 10:23:00+00:00,4655.535,4655.555,4651.945,4652.425,0
2026-05-01 10:24:00+00:00,4652.395,4652.465,4648.965,4649.275,0
2026-05-01 10:25:00+00:00,4649.215,4650.005,4646.015,4646.825,0
2026-05-01 10:26:00+00:00,4646.805,4648.495,4644.335,4645.915,0
2026-05-01 10:27:00+00:00,4645.995,4649.695,4644.685,4649.635,0
2026-05-01 10:28:00+00:00,4649.715,4651.355,4649.695,4649.735,0
2026-05-01 10:29:00+00:00,4649.885,4649.885,4643.635,4644.335,0
2026-05-01 10:30:00+00:00,4644.355,4644.675,4641.435,4641.525,0
2026-05-01 10:31:00+00:00,4641.495,4642.895,4639.365,4642.885,0
2026-05-01 10:32:00+00:00,4643.035,4646.145,4642.895,4643.525,0
2026-05-01 10:33:00+00:00,4643.535,4645.575,4642.725,4642.835,0
2026-05-01 10:34:00+00:00,4642.895,4643.535,4640.555,4643.045,0
2026-05-01 10:35:00+00:00,4643.005,4643.175,4638.965,4638.965,0
2026-05-01 10:36:00+00:00,4638.915,4638.965,4635.655,4637.675,0
2026-05-01 10:37:00+00:00,4637.845,4639.585,4636.885,4637.535,0
2026-05-01 10:38:00+00:00,4637.525,4639.875,4636.115,4639.875,0
2026-05-01 10:39:00+00:00,4639.795,4642.325,4638.185,4638.405,0
2026-05-01 10:40:00+00:00,4638.675,4639.398,4634.515,4636.215,0
2026-05-01 10:41:00+00:00,4636.195,4636.195,4631.955,4632.425,0
2026-05-01 10:42:00+00:00,4632.525,4635.175,4630.305,4634.995,0
2026-05-01 10:43:00+00:00,4634.945,4639.545,4634.855,4638.825,0
2026-05-01 10:44:00+00:00,4638.835,4638.875,4632.395,4632.965,0
2026-05-01 10:45:00+00:00,4632.985,4633.235,4630.275,4632.775,0
2026-05-01 10:46:00+00:00,4632.765,4634.935,4631.165,4631.195,0
2026-05-01 10:47:00+00:00,4631.145,4631.825,4628.885,4630.025,0
2026-05-01 10:48:00+00:00,4630.015,4632.195,4629.058,4631.995,0
2026-05-01 10:49:00+00:00,4632.045,4632.215,4630.615,4630.725,0
2026-05-01 10:50:00+00:00,4630.805,4630.875,4627.095,4630.445,0
2026-05-01 10:51:00+00:00,4630.455,4633.525,4628.425,4632.605,0
2026-05-01 10:52:00+00:00,4632.615,4633.865,4631.365,4632.725,0
2026-05-01 10:53:00+00:00,4632.745,4633.145,4630.345,4631.395,0
2026-05-01 10:54:00+00:00,4631.435,4633.065,4630.515,4630.695,0
2026-05-01 10:55:00+00:00,4630.665,4633.605,4630.385,4632.845,0
2026-05-01 10:56:00+00:00,4632.815,4635.225,4632.815,4633.245,0
2026-05-01 10:57:00+00:00,4633.615,4633.645,4631.475,4632.885,0
2026-05-01 10:58:00+00:00,4632.895,4633.305,4629.855,4631.435,0
2026-05-01 10:59:00+00:00,4631.235,4632.695,4631.125,4631.925,0
2026-05-01 11:00:00+00:00,4631.965,4633.245,4630.055,4631.185,0
2026-05-01 11:01:00+00:00,4631.185,4631.415,4628.818,4629.925,0
2026-05-01 11:02:00+00:00,4629.905,4630.045,4624.565,4626.435,0
2026-05-01 11:03:00+00:00,4626.415,4627.965,4624.935,4627.675,0
2026-05-01 11:04:00+00:00,4627.625,4628.385,4625.375,4626.395,0
2026-05-01 11:05:00+00:00,4626.545,4626.745,4621.645,4623.955,0
2026-05-01 11:06:00+00:00,4623.955,4625.595,4621.155,4625.515,0
2026-05-01 11:07:00+00:00,4625.345,4625.345,4618.785,4621.695,0
2026-05-01 11:08:00+00:00,4621.545,4626.495,4621.455,4626.215,0
2026-05-01 11:09:00+00:00,4626.245,4627.965,4624.445,4626.355,0
2026-05-01 11:10:00+00:00,4626.535,4627.485,4623.635,4624.255,0
2026-05-01 11:11:00+00:00,4624.195,4626.645,4624.005,4626.585,0
2026-05-01 11:12:00+00:00,4626.635,4631.565,4626.635,4630.895,0
2026-05-01 11:13:00+00:00,4630.885,4633.165,4630.205,4632.735,0
2026-05-01 11:14:00+00:00,4632.825,4636.535,4632.048,4636.535,0
2026-05-01 11:15:00+00:00,4636.445,4639.265,4635.155,4637.945,0
2026-05-01 11:16:00+00:00,4637.975,4639.285,4636.105,4636.975,0
2026-05-01 11:17:00+00:00,4637.005,4637.865,4635.285,4637.695,0
2026-05-01 11:18:00+00:00,4637.695,4639.425,4636.915,4638.915,0
2026-05-01 11:19:00+00:00,4638.835,4640.195,4638.525,4639.215,0
2026-05-01 11:20:00+00:00,4639.185,4640.505,4638.665,4638.695,0
2026-05-01 11:21:00+00:00,4638.715,4639.545,4637.165,4637.595,0
2026-05-01 11:22:00+00:00,4637.575,4638.055,4635.325,4635.855,0
2026-05-01 11:23:00+00:00,4635.845,4636.785,4634.735,4636.225,0
2026-05-01 11:24:00+00:00,4636.255,4636.985,4635.435,4635.765,0
2026-05-01 11:25:00+00:00,4635.735,4636.575,4635.305,4635.445,0
2026-05-01 11:26:00+00:00,4635.445,4635.765,4634.545,4635.205,0
2026-05-01 11:27:00+00:00,4634.995,4636.905,4634.675,4636.595,0
2026-05-01 11:28:00+00:00,4636.585,4636.735,4633.935,4634.035,0
2026-05-01 11:29:00+00:00,4634.195,4636.395,4634.015,4636.065,0
2026-05-01 11:30:00+00:00,4636.115,4639.105,4636.115,4637.875,0
2026-05-01 11:31:00+00:00,4637.895,4641.095,4637.675,4639.445,0
2026-05-01 11:32:00+00:00,4639.425,4640.045,4637.405,4638.315,0
2026-05-01 11:33:00+00:00,4638.565,4639.675,4638.335,4638.615,0
2026-05-01 11:34:00+00:00,4638.565,4638.785,4636.975,4637.815,0
2026-05-01 11:35:00+00:00,4637.895,4637.925,4636.205,4637.135,0
2026-05-01 11:36:00+00:00,4637.145,4639.645,4636.425,4638.545,0
2026-05-01 11:37:00+00:00,4638.565,4640.145,4635.305,4639.515,0
2026-05-01 11:38:00+00:00,4639.305,4642.145,4638.615,4641.905,0
2026-05-01 11:39:00+00:00,4641.925,4642.615,4640.935,4640.935,0
2026-05-01 11:40:00+00:00,4640.955,4643.475,4640.505,4643.115,0
2026-05-01 11:41:00+00:00,4643.145,4643.985,4642.255,4643.575,0
2026-05-01 11:42:00+00:00,4643.485,4644.435,4643.045,4643.715,0
2026-05-01 11:43:00+00:00,4643.695,4643.965,4642.345,4642.965,0
2026-05-01 11:44:00+00:00,4642.985,4644.535,4642.915,4643.445,0
2026-05-01 11:45:00+00:00,4643.485,4644.405,4643.075,4643.075,0
2026-05-01 11:46:00+00:00,4643.095,4646.445,4643.095,4646.215,0
2026-05-01 11:47:00+00:00,4646.205,4647.905,4644.495,4645.395,0
2026-05-01 11:48:00+00:00,4645.395,4646.075,4644.765,4645.585,0
2026-05-01 11:49:00+00:00,4645.555,4645.745,4643.755,4644.215,0
2026-05-01 11:50:00+00:00,4644.235,4645.205,4632.768,4642.325,0
2026-05-01 11:51:00+00:00,4642.315,4644.005,4640.455,4642.215,0
2026-05-01 11:52:00+00:00,4642.125,4644.295,4640.915,4644.235,0
2026-05-01 11:53:00+00:00,4644.205,4644.935,4642.535,4644.515,0
2026-05-01 11:54:00+00:00,4644.465,4646.655,4644.315,4645.545,0
2026-05-01 11:55:00+00:00,4645.605,4645.765,4643.195,4644.765,0
2026-05-01 11:56:00+00:00,4644.765,4645.845,4644.475,4645.845,0
2026-05-01 11:57:00+00:00,4645.845,4646.085,4642.855,4642.975,0
2026-05-01 11:58:00+00:00,4642.915,4643.985,4642.225,4643.345,0
2026-05-01 11:59:00+00:00,4643.385,4644.435,4642.475,4643.055,0
2026-05-01 12:00:00+00:00,4642.985,4644.425,4641.325,4642.045,0
2026-05-01 12:01:00+00:00,4642.135,4645.315,4642.135,4643.775,0
2026-05-01 12:02:00+00:00,4643.795,4645.305,4643.585,4644.325,0
2026-05-01 12:03:00+00:00,4644.335,4645.215,4644.055,4644.475,0
2026-05-01 12:04:00+00:00,4644.495,4644.855,4642.995,4643.705,0
2026-05-01 12:05:00+00:00,4643.665,4645.205,4643.325,4644.315,0
2026-05-01 12:06:00+00:00,4644.335,4644.335,4641.835,4642.155,0
2026-05-01 12:07:00+00:00,4642.155,4642.315,4640.175,4640.375,0
2026-05-01 12:08:00+00:00,4640.365,4642.005,4640.365,4641.535,0
2026-05-01 12:09:00+00:00,4641.535,4642.315,4639.085,4639.085,0
2026-05-01 12:10:00+00:00,4639.055,4639.955,4637.945,4638.975,0
2026-05-01 12:11:00+00:00,4638.985,4640.125,4638.605,4639.555,0
2026-05-01 12:12:00+00:00,4639.595,4642.785,4639.535,4642.275,0
2026-05-01 12:13:00+00:00,4642.295,4642.665,4641.955,4642.515,0
2026-05-01 12:14:00+00:00,4642.535,4643.565,4642.285,4642.615,0
2026-05-01 12:15:00+00:00,4642.565,4646.245,4642.565,4646.165,0
2026-05-01 12:16:00+00:00,4646.185,4647.845,4645.145,4647.845,0
2026-05-01 12:17:00+00:00,4648.005,4649.795,4648.005,4648.875,0
2026-05-01 12:18:00+00:00,4648.835,4649.085,4646.325,4646.395,0
2026-05-01 12:19:00+00:00,4646.395,4647.135,4645.935,4646.895,0
2026-05-01 12:20:00+00:00,4646.895,4647.185,4645.985,4646.735,0
2026-05-01 12:21:00+00:00,4646.665,4648.575,4646.365,4648.405,0
2026-05-01 12:22:00+00:00,4648.375,4648.765,4648.305,4648.495,0
2026-05-01 12:23:00+00:00,4648.255,4649.645,4640.475,4641.735,0
2026-05-01 12:24:00+00:00,4642.015,4644.465,4638.948,4643.415,0
2026-05-01 12:25:00+00:00,4643.395,4643.425,4637.775,4638.985,0
2026-05-01 12:26:00+00:00,4639.005,4640.905,4637.675,4638.775,0
2026-05-01 12:27:00+00:00,4638.805,4640.975,4638.435,4640.595,0
2026-05-01 12:28:00+00:00,4640.615,4640.995,4638.335,4640.995,0
2026-05-01 12:29:00+00:00,4640.965,4641.015,4637.625,4637.705,0
2026-05-01 12:30:00+00:00,4637.755,4640.295,4636.045,4639.435,0
2026-05-01 12:31:00+00:00,4639.315,4639.455,4636.905,4638.475,0
2026-05-01 12:32:00+00:00,4638.445,4638.665,4636.165,4637.215,0
2026-05-01 12:33:00+00:00,4637.195,4637.465,4634.955,4635.615,0
2026-05-01 12:34:00+00:00,4635.585,4637.325,4634.705,4636.925,0
2026-05-01 12:35:00+00:00,4636.885,4637.625,4634.425,4634.805,0
2026-05-01 12:36:00+00:00,4634.735,4635.835,4633.825,4635.455,0
2026-05-01 12:37:00+00:00,4635.475,4636.635,4635.005,4636.565,0
2026-05-01 12:38:00+00:00,4636.645,4639.115,4636.325,4638.375,0
2026-05-01 12:39:00+00:00,4638.365,4640.515,4637.315,4640.315,0
2026-05-01 12:40:00+00:00,4640.185,4640.775,4637.335,4637.625,0
2026-05-01 12:41:00+00:00,4637.595,4641.098,4637.565,4640.765,0
2026-05-01 12:42:00+00:00,4640.795,4640.835,4638.445,4639.555,0
2026-05-01 12:43:00+00:00,4639.585,4640.455,4638.915,4640.455,0
2026-05-01 12:44:00+00:00,4640.455,4640.535,4638.435,4638.745,0
2026-05-01 12:45:00+00:00,4638.548,4638.565,4637.105,4638.225,0
2026-05-01 12:46:00+00:00,4638.315,4638.495,4636.885,4637.075,0
2026-05-01 12:47:00+00:00,4637.105,4638.165,4637.015,4638.155,0
2026-05-01 12:48:00+00:00,4638.135,4639.675,4638.135,4638.955,0
2026-05-01 12:49:00+00:00,4638.965,4640.085,4637.865,4640.065,0
2026-05-01 12:50:00+00:00,4639.758,4639.758,4636.415,4637.725,0
2026-05-01 12:51:00+00:00,4637.735,4638.995,4637.715,4637.835,0
2026-05-01 12:52:00+00:00,4637.865,4638.195,4637.075,4638.165,0
2026-05-01 12:53:00+00:00,4638.345,4640.645,4638.205,4640.295,0
2026-05-01 12:54:00+00:00,4640.385,4642.665,4640.385,4640.895,0
2026-05-01 12:55:00+00:00,4640.895,4642.575,4640.795,4642.185,0
2026-05-01 12:56:00+00:00,4642.205,4642.235,4640.575,4641.035,0
2026-05-01 12:57:00+00:00,4641.025,4641.695,4640.325,4640.395,0
2026-05-01 12:58:00+00:00,4640.425,4641.945,4640.195,4641.685,0
2026-05-01 12:59:00+00:00,4641.685,4641.975,4638.285,4638.605,0
2026-05-01 13:00:00+00:00,4638.575,4641.415,4638.295,4641.248,0
2026-05-01 13:01:00+00:00,4641.405,4642.375,4640.605,4640.975,0
2026-05-01 13:02:00+00:00,4641.005,4642.315,4639.425,4642.305,0
2026-05-01 13:03:00+00:00,4642.275,4642.415,4639.485,4639.685,0
2026-05-01 13:04:00+00:00,4639.705,4639.725,4638.415,4638.465,0
2026-05-01 13:05:00+00:00,4638.465,4638.885,4637.555,4638.755,0
2026-05-01 13:06:00+00:00,4638.775,4640.085,4638.775,4639.205,0
2026-05-01 13:07:00+00:00,4639.135,4640.025,4638.725,4638.835,0
2026-05-01 13:08:00+00:00,4638.885,4639.325,4637.415,4638.485,0
2026-05-01 13:09:00+00:00,4638.435,4639.395,4637.345,4638.755,0
2026-05-01 13:10:00+00:00,4638.755,4639.325,4637.955,4638.215,0
2026-05-01 13:11:00+00:00,4638.275,4638.725,4637.985,4638.365,0
2026-05-01 13:12:00+00:00,4638.355,4638.875,4637.935,4638.835,0
2026-05-01 13:13:00+00:00,4638.775,4638.835,4637.945,4638.285,0
2026-05-01 13:14:00+00:00,4638.375,4639.795,4638.185,4639.705,0
2026-05-01 13:15:00+00:00,4639.685,4639.998,4638.925,4639.175,0
2026-05-01 13:16:00+00:00,4638.905,4639.635,4638.905,4639.565,0
2026-05-01 13:17:00+00:00,4639.505,4639.505,4636.635,4637.425,0
2026-05-01 13:18:00+00:00,4637.445,4638.705,4637.015,4638.425,0
2026-05-01 13:19:00+00:00,4638.535,4638.815,4637.725,4638.335,0
2026-05-01 13:20:00+00:00,4638.315,4638.755,4637.285,4637.855,0
2026-05-01 13:21:00+00:00,4637.825,4638.115,4637.085,4637.615,0
2026-05-01 13:22:00+00:00,4637.595,4637.705,4635.255,4635.415,0
2026-05-01 13:23:00+00:00,4635.395,4635.865,4634.625,4635.245,0
2026-05-01 13:24:00+00:00,4635.245,4635.265,4634.155,4634.935,0
2026-05-01 13:25:00+00:00,4634.945,4635.155,4634.185,4634.895,0
2026-05-01 13:26:00+00:00,4634.805,4636.435,4634.448,4635.215,0
2026-05-01 13:27:00+00:00,4635.165,4636.055,4634.985,4635.245,0
2026-05-01 13:28:00+00:00,4635.305,4636.265,4635.165,4635.165,0
2026-05-01 13:29:00+00:00,4635.145,4635.335,4630.755,4631.535,0
2026-05-01 13:30:00+00:00,4631.495,4631.765,4629.985,4630.385,0
2026-05-01 13:31:00+00:00,4630.425,4630.875,4628.405,4628.675,0
2026-05-01 13:32:00+00:00,4628.755,4630.025,4628.505,4629.305,0
2026-05-01 13:33:00+00:00,4629.175,4631.995,4629.135,4631.335,0
2026-05-01 13:34:00+00:00,4631.325,4631.845,4629.485,4629.985,0
2026-05-01 13:35:00+00:00,4630.225,4630.515,4628.955,4630.115,0
2026-05-01 13:36:00+00:00,4630.135,4630.365,4628.525,4629.495,0
2026-05-01 13:37:00+00:00,4629.435,4629.605,4628.335,4629.035,0
2026-05-01 13:38:00+00:00,4629.035,4629.045,4627.865,4628.795,0
2026-05-01 13:39:00+00:00,4629.115,4630.635,4628.945,4630.615,0
2026-05-01 13:40:00+00:00,4630.585,4631.765,4630.235,4630.285,0
2026-05-01 13:41:00+00:00,4630.265,4630.475,4629.225,4629.245,0
2026-05-01 13:42:00+00:00,4629.265,4630.035,4628.325,4628.825,0
2026-05-01 13:43:00+00:00,4628.805,4628.915,4626.655,4627.495,0
2026-05-01 13:44:00+00:00,4627.585,4628.865,4627.365,4627.915,0
2026-05-01 13:45:00+00:00,4627.965,4629.435,4627.545,4629.045,0
2026-05-01 13:46:00+00:00,4629.015,4629.035,4627.255,4627.275,0
2026-05-01 13:47:00+00:00,4627.275,4628.475,4627.275,4627.795,0
2026-05-01 13:48:00+00:00,4627.795,4627.815,4627.085,4627.515,0
2026-05-01 13:49:00+00:00,4627.675,4628.285,4627.105,4627.135,0
2026-05-01 13:50:00+00:00,4627.165,4628.015,4627.095,4627.735,0
2026-05-01 13:51:00+00:00,4627.705,4628.075,4627.055,4627.705,0
2026-05-01 13:52:00+00:00,4627.595,4628.755,4627.555,4628.255,0
2026-05-01 13:53:00+00:00,4628.265,4634.765,4628.205,4630.985,0
2026-05-01 13:54:00+00:00,4630.945,4630.995,4629.775,4629.845,0
2026-05-01 13:55:00+00:00,4629.845,4631.175,4629.735,4630.775,0
2026-05-01 13:56:00+00:00,4630.775,4630.965,4629.925,4630.005,0
2026-05-01 13:57:00+00:00,4630.105,4630.315,4629.075,4629.605,0
2026-05-01 13:58:00+00:00,4629.605,4629.865,4628.685,4628.815,0
2026-05-01 13:59:00+00:00,4628.598,4629.655,4628.455,4629.195,0
2026-05-01 14:00:00+00:00,4629.245,4630.465,4629.045,4629.375,0
2026-05-01 14:01:00+00:00,4629.345,4629.455,4626.685,4626.855,0
2026-05-01 14:02:00+00:00,4626.935,4626.935,4623.155,4624.755,0
2026-05-01 14:03:00+00:00,4624.755,4625.265,4623.905,4624.205,0
2026-05-01 14:04:00+00:00,4624.195,4625.305,4623.805,4624.355,0
2026-05-01 14:05:00+00:00,4624.315,4624.315,4622.545,4623.915,0
2026-05-01 14:06:00+00:00,4623.905,4623.925,4622.255,4623.715,0
2026-05-01 14:07:00+00:00,4623.705,4625.125,4623.205,4624.495,0
2026-05-01 14:08:00+00:00,4624.525,4624.705,4622.985,4624.645,0
2026-05-01 14:09:00+00:00,4624.655,4625.485,4624.095,4624.185,0
2026-05-01 14:10:00+00:00,4624.215,4624.345,4621.935,4623.095,0
2026-05-01 14:11:00+00:00,4623.055,4623.055,4621.525,4621.665,0
2026-05-01 14:12:00+00:00,4621.675,4621.725,4620.345,4620.465,0
2026-05-01 14:13:00+00:00,4620.345,4620.565,4617.095,4617.715,0
2026-05-01 14:14:00+00:00,4617.625,4617.655,4615.445,4615.615,0
2026-05-01 14:15:00+00:00,4615.625,4618.505,4615.305,4617.175,0
2026-05-01 14:16:00+00:00,4617.175,4617.315,4613.785,4614.055,0
2026-05-01 14:17:00+00:00,4614.045,4616.755,4613.535,4616.635,0
2026-05-01 14:18:00+00:00,4616.635,4617.205,4615.575,4617.035,0
2026-05-01 14:19:00+00:00,4617.005,4618.875,4617.005,4618.455,0
2026-05-01 14:20:00+00:00,4618.435,4619.505,4618.435,4619.465,0
2026-05-01 14:21:00+00:00,4619.475,4620.055,4619.075,4619.265,0
2026-05-01 14:22:00+00:00,4619.265,4620.835,4619.225,4619.695,0
2026-05-01 14:23:00+00:00,4619.675,4621.995,4619.565,4620.995,0
2026-05-01 14:24:00+00:00,4620.975,4622.345,4620.975,4622.145,0
2026-05-01 14:25:00+00:00,4622.155,4622.325,4620.395,4621.085,0
2026-05-01 14:26:00+00:00,4621.085,4621.445,4620.205,4620.205,0
2026-05-01 14:27:00+00:00,4620.245,4620.895,4619.705,4620.285,0
2026-05-01 14:28:00+00:00,4620.155,4621.585,4619.545,4621.215,0
2026-05-01 14:29:00+00:00,4621.195,4623.485,4618.755,4623.035,0
2026-05-01 14:30:00+00:00,4622.875,4624.185,4620.575,4620.725,0
2026-05-01 14:31:00+00:00,4620.665,4622.225,4620.395,4620.725,0
2026-05-01 14:32:00+00:00,4620.745,4620.815,4619.635,4620.685,0
2026-05-01 14:33:00+00:00,4620.705,4620.755,4618.665,4619.585,0
2026-05-01 14:34:00+00:00,4619.545,4619.675,4617.365,4617.365,0
2026-05-01 14:35:00+00:00,4617.375,4618.225,4616.765,4618.215,0
2026-05-01 14:36:00+00:00,4618.135,4618.645,4617.065,4617.535,0
2026-05-01 14:37:00+00:00,4617.625,4617.775,4616.185,4616.225,0
2026-05-01 14:38:00+00:00,4616.215,4617.375,4616.035,4616.555,0
2026-05-01 14:39:00+00:00,4616.505,4617.885,4616.475,4617.425,0
2026-05-01 14:40:00+00:00,4617.445,4618.195,4617.085,4617.885,0
2026-05-01 14:41:00+00:00,4617.925,4622.035,4617.775,4621.935,0
2026-05-01 14:42:00+00:00,4621.965,4622.185,4620.775,4621.675,0
2026-05-01 14:43:00+00:00,4621.655,4621.855,4620.485,4621.235,0
2026-05-01 14:44:00+00:00,4621.215,4622.295,4620.555,4622.155,0
2026-05-01 14:45:00+00:00,4622.155,4622.245,4620.785,4621.325,0
2026-05-01 14:46:00+00:00,4621.315,4621.565,4619.825,4621.495,0
2026-05-01 14:47:00+00:00,4621.475,4622.795,4621.475,4622.105,0
2026-05-01 14:48:00+00:00,4622.095,4622.435,4621.615,4622.015,0
2026-05-01 14:49:00+00:00,4622.135,4624.115,4622.105,4623.915,0
2026-05-01 14:50:00+00:00,4624.135,4625.495,4624.035,4625.445,0
2026-05-01 14:51:00+00:00,4625.445,4625.765,4624.985,4625.635,0
2026-05-01 14:52:00+00:00,4625.595,4625.595,4623.405,4624.155,0
2026-05-01 14:53:00+00:00,4624.155,4624.475,4623.375,4623.715,0
2026-05-01 14:54:00+00:00,4623.685,4624.505,4623.555,4623.975,0
2026-05-01 14:55:00+00:00,4624.015,4624.515,4623.265,4624.215,0
2026-05-01 14:56:00+00:00,4624.215,4624.625,4623.565,4624.075,0
2026-05-01 14:57:00+00:00,4624.045,4624.485,4623.795,4623.865,0
2026-05-01 14:58:00+00:00,4623.845,4623.845,4623.115,4623.315,0
2026-05-01 14:59:00+00:00,4623.255,4624.135,4622.915,4624.095,0
2026-05-01 15:00:00+00:00,4624.275,4624.815,4622.155,4622.965,0
2026-05-01 15:01:00+00:00,4623.055,4623.715,4622.415,4622.855,0
2026-05-01 15:02:00+00:00,4622.855,4623.495,4622.515,4622.585,0
2026-05-01 15:03:00+00:00,4622.535,4622.765,4620.995,4621.365,0
2026-05-01 15:04:00+00:00,4621.405,4621.615,4620.395,4620.845,0
2026-05-01 15:05:00+00:00,4620.795,4622.095,4620.665,4621.925,0
2026-05-01 15:06:00+00:00,4621.985,4622.445,4621.605,4622.305,0
2026-05-01 15:07:00+00:00,4622.385,4622.405,4621.575,4621.575,0
2026-05-01 15:08:00+00:00,4621.555,4622.995,4621.315,4622.995,0
2026-05-01 15:09:00+00:00,4622.915,4622.965,4621.955,4622.625,0
2026-05-01 15:10:00+00:00,4622.625,4624.025,4621.725,4623.815,0
2026-05-01 15:11:00+00:00,4623.815,4624.775,4623.745,4624.355,0
2026-05-01 15:12:00+00:00,4624.415,4625.995,4624.415,4625.765,0
2026-05-01 15:13:00+00:00,4625.715,4626.395,4625.485,4625.855,0
2026-05-01 15:14:00+00:00,4625.835,4626.485,4625.515,4626.085,0
2026-05-01 15:15:00+00:00,4626.105,4627.095,4625.795,4626.875,0
2026-05-01 15:16:00+00:00,4626.935,4627.265,4626.185,4626.865,0
2026-05-01 15:17:00+00:00,4626.795,4626.855,4625.955,4626.445,0
2026-05-01 15:18:00+00:00,4626.455,4626.725,4626.085,4626.455,0
2026-05-01 15:19:00+00:00,4626.555,4627.235,4626.495,4627.035,0
2026-05-01 15:20:00+00:00,4627.035,4627.045,4625.405,4626.125,0
2026-05-01 15:21:00+00:00,4626.065,4627.255,4625.945,4627.075,0
2026-05-01 15:22:00+00:00,4627.095,4627.375,4626.355,4626.385,0
2026-05-01 15:23:00+00:00,4626.345,4626.405,4625.715,4625.715,0
2026-05-01 15:24:00+00:00,4625.735,4626.565,4625.445,4626.425,0
2026-05-01 15:25:00+00:00,4626.315,4627.315,4626.265,4627.305,0
2026-05-01 15:26:00+00:00,4627.295,4627.525,4626.485,4626.535,0
2026-05-01 15:27:00+00:00,4626.505,4627.325,4626.415,4626.695,0
2026-05-01 15:28:00+00:00,4626.705,4626.705,4625.585,4625.625,0
2026-05-01 15:29:00+00:00,4625.575,4625.915,4624.195,4624.225,0
2026-05-01 15:30:00+00:00,4624.415,4624.535,4621.695,4622.175,0
2026-05-01 15:31:00+00:00,4622.135,4622.255,4621.335,4621.825,0
2026-05-01 15:32:00+00:00,4621.805,4621.925,4618.835,4618.835,0
2026-05-01 15:33:00+00:00,4618.698,4619.315,4616.685,4617.265,0
2026-05-01 15:34:00+00:00,4617.125,4618.025,4616.725,4618.025,0
2026-05-01 15:35:00+00:00,4618.055,4618.765,4615.985,4616.455,0
2026-05-01 15:36:00+00:00,4616.445,4616.675,4614.795,4615.265,0
2026-05-01 15:37:00+00:00,4615.305,4616.685,4615.305,4616.565,0
2026-05-01 15:38:00+00:00,4616.435,4617.815,4615.915,4617.775,0
2026-05-01 15:39:00+00:00,4617.835,4618.715,4616.885,4616.905,0
2026-05-01 15:40:00+00:00,4616.915,4617.045,4615.215,4615.455,0
2026-05-01 15:41:00+00:00,4615.245,4615.325,4613.945,4614.605,0
2026-05-01 15:42:00+00:00,4614.605,4614.775,4611.755,4611.755,0
2026-05-01 15:43:00+00:00,4611.795,4612.775,4611.435,4612.485,0
2026-05-01 15:44:00+00:00,4612.535,4612.535,4611.095,4611.605,0
2026-05-01 15:45:00+00:00,4611.575,4612.045,4610.775,4611.685,0
2026-05-01 15:46:00+00:00,4611.695,4613.475,4611.555,4613.275,0
2026-05-01 15:47:00+00:00,4613.255,4613.265,4612.015,4612.995,0
2026-05-01 15:48:00+00:00,4613.025,4614.145,4613.005,4613.955,0
2026-05-01 15:49:00+00:00,4614.025,4614.255,4613.605,4614.205,0
2026-05-01 15:50:00+00:00,4614.465,4615.038,4612.135,4612.415,0
2026-05-01 15:51:00+00:00,4612.385,4612.915,4611.975,4612.125,0
2026-05-01 15:52:00+00:00,4612.155,4612.155,4609.595,4609.695,0
2026-05-01 15:53:00+00:00,4609.645,4610.445,4608.625,4610.235,0
2026-05-01 15:54:00+00:00,4610.275,4611.865,4609.915,4610.635,0
2026-05-01 15:55:00+00:00,4610.605,4611.805,4609.955,4611.525,0
2026-05-01 15:56:00+00:00,4611.495,4612.165,4610.315,4610.565,0
2026-05-01 15:57:00+00:00,4610.585,4610.825,4608.815,4608.985,0
2026-05-01 15:58:00+00:00,4609.005,4609.795,4608.745,4609.735,0
2026-05-01 15:59:00+00:00,4609.655,4610.895,4609.175,4610.615,0
2026-05-01 16:00:00+00:00,4610.735,4612.475,4609.815,4611.425,0
2026-05-01 16:01:00+00:00,4611.525,4611.835,4610.345,4611.235,0
2026-05-01 16:02:00+00:00,4611.275,4612.125,4611.105,4611.235,0
2026-05-01 16:03:00+00:00,4611.375,4611.645,4608.765,4608.875,0
2026-05-01 16:04:00+00:00,4609.115,4609.295,4607.365,4609.145,0
2026-05-01 16:05:00+00:00,4608.985,4609.695,4608.015,4608.085,0
2026-05-01 16:06:00+00:00,4608.085,4609.015,4606.805,4608.855,0
2026-05-01 16:07:00+00:00,4608.975,4609.705,4608.545,4609.375,0
2026-05-01 16:08:00+00:00,4609.405,4609.625,4608.815,4609.055,0
2026-05-01 16:09:00+00:00,4609.035,4610.105,4608.795,4610.055,0
2026-05-01 16:10:00+00:00,4610.065,4610.185,4609.505,4609.905,0
2026-05-01 16:11:00+00:00,4609.905,4609.935,4608.765,4609.865,0
2026-05-01 16:12:00+00:00,4609.785,4611.305,4609.785,4610.755,0
2026-05-01 16:13:00+00:00,4610.795,4611.325,4610.225,4610.375,0
2026-05-01 16:14:00+00:00,4610.355,4611.555,4610.265,4611.025,0
2026-05-01 16:15:00+00:00,4611.055,4611.465,4610.845,4610.855,0
2026-05-01 16:16:00+00:00,4610.875,4610.925,4609.905,4610.005,0
2026-05-01 16:17:00+00:00,4610.055,4611.075,4609.825,4610.575,0
2026-05-01 16:18:00+00:00,4610.695,4611.335,4610.325,4610.925,0
2026-05-01 16:19:00+00:00,4610.955,4611.115,4609.945,4609.975,0
2026-05-01 16:20:00+00:00,4609.995,4610.515,4609.565,4610.375,0
2026-05-01 16:21:00+00:00,4610.355,4611.075,4610.215,4610.965,0
2026-05-01 16:22:00+00:00,4611.035,4611.035,4610.415,4610.795,0
2026-05-01 16:23:00+00:00,4610.765,4611.675,4610.565,4611.155,0
2026-05-01 16:24:00+00:00,4611.155,4611.905,4611.075,4611.138,0
2026-05-01 16:25:00+00:00,4611.135,4612.418,4610.975,4612.118,0
2026-05-01 16:26:00+00:00,4612.115,4612.658,4612.115,4612.458,0
2026-05-01 16:27:00+00:00,4612.398,4613.098,4612.178,4612.958,0
2026-05-01 16:28:00+00:00,4612.898,4614.785,4612.758,4614.338,0
2026-05-01 16:29:00+00:00,4614.475,4615.825,4612.818,4612.938,0
2026-05-01 16:30:00+00:00,4613.105,4613.175,4612.265,4613.038,0
2026-05-01 16:31:00+00:00,4613.038,4613.458,4611.978,4613.055,0
2026-05-01 16:32:00+00:00,4613.038,4614.665,4613.038,4614.258,0
2026-05-01 16:33:00+00:00,4614.398,4614.478,4613.678,4614.285,0
2026-05-01 16:34:00+00:00,4614.258,4614.675,4613.818,4613.985,0
2026-05-01 16:35:00+00:00,4614.215,4614.215,4613.705,4613.885,0
2026-05-01 16:36:00+00:00,4613.915,4614.038,4612.358,4612.358,0
2026-05-01 16:37:00+00:00,4612.358,4612.578,4611.595,4611.998,0
2026-05-01 16:38:00+00:00,4612.025,4612.078,4609.775,4610.378,0
2026-05-01 16:39:00+00:00,4610.618,4611.638,4610.618,4611.538,0
2026-05-01 16:40:00+00:00,4611.638,4611.838,4610.858,4611.258,0
2026-05-01 16:41:00+00:00,4611.278,4611.998,4610.578,4611.818,0
2026-05-01 16:42:00+00:00,4611.818,4612.258,4611.398,4612.118,0
2026-05-01 16:43:00+00:00,4612.138,4613.698,4612.038,4613.618,0
2026-05-01 16:44:00+00:00,4613.678,4614.238,4613.358,4613.358,0
2026-05-01 16:45:00+00:00,4613.358,4613.818,4612.718,4612.718,0
2026-05-01 16:46:00+00:00,4612.778,4613.318,4612.218,4613.178,0
2026-05-01 16:47:00+00:00,4613.178,4613.958,4612.875,4613.858,0
2026-05-01 16:48:00+00:00,4613.858,4614.078,4613.318,4613.518,0
2026-05-01 16:49:00+00:00,4613.458,4613.458,4612.098,4612.698,0
2026-05-01 16:50:00+00:00,4612.698,4614.678,4612.638,4613.598,0
2026-05-01 16:51:00+00:00,4613.618,4614.698,4613.138,4614.698,0
2026-05-01 16:52:00+00:00,4614.658,4615.738,4614.038,4614.778,0
2026-05-01 16:53:00+00:00,4614.758,4616.478,4614.565,4616.158,0
2026-05-01 16:54:00+00:00,4616.218,4616.635,4615.148,4615.835,0
2026-05-01 16:55:00+00:00,4615.558,4615.558,4614.148,4614.675,0
2026-05-01 16:56:00+00:00,4614.558,4615.235,4614.255,4614.898,0
2026-05-01 16:57:00+00:00,4614.835,4615.835,4612.298,4612.958,0
2026-05-01 16:58:00+00:00,4612.495,4614.448,4612.495,4613.558,0
2026-05-01 16:59:00+00:00,4613.558,4614.048,4611.995,4613.558,0
